order_detail_id,order_id,product_id,quantity,discount,price,creation_date,updated_date
1,156,HB2023GET3,4,6.18,3193.78,2021-02-16,2021-02-18
2,793,FG2023PCOS,2,20.87,1539.11,2021-02-15,2021-02-17
3,838,HB2023GET3,1,8.1,791.89,2022-01-06,2022-01-08
4,763,MTB2023SRH,2,null,1099.98,2022-06-15,2022-06-17
5,453,FB2023BS6L,1,null,899.99,2022-10-11,2022-10-13
6,625,MTB2023GAP29,2,null,1259.98,2022-07-02,2022-07-04
7,697,FG2023PCOS,4,null,3119.96,2022-06-09,2022-06-11
8,13,FB2023TM8D,4,1.81,2798.15,2020-10-23,2020-10-25
9,62,EB2023STV,4,22.13,3377.83,2023-12-03,2023-12-05
10,371,FB2023BMSD8,5,null,4549.95,2022-10-09,2022-10-11
11,99,HB2023TSX5,4,9.9,3030.06,2021-10-12,2021-10-14
12,146,HB2023TSX5,1,14.37,745.62,2021-06-12,2021-06-14
13,719,FB2023BMSD8,4,25.85,3614.11,2021-03-29,2021-03-31
14,559,HB2023GET3,1,15.52,784.47,2020-12-04,2020-12-06
15,967,HB2023TSX5,2,null,1519.98,2021-10-18,2021-10-20
16,501,FB2023TM8D,1,null,699.99,2021-11-06,2021-11-08
17,135,EB2023STV,3,24.03,2525.94,2020-10-21,2020-10-23
18,147,FB2023BMSD8,1,0.24,909.75,2022-03-17,2022-03-19
19,682,EB2023STV,3,22.05,2527.92,2022-07-14,2022-07-16
20,711,FG2023QCXT,1,8.88,991.11,2022-06-16,2022-06-18
21,390,EB2023RPBRR,1,null,649.99,2020-12-17,2020-12-19
22,342,MTB2023XCA9,2,null,1199.98,2021-03-28,2021-03-30
23,433,MTB2023GAP29,4,null,2519.96,2022-05-03,2022-05-05
24,717,EB2023STV,5,null,4249.95,2022-12-11,2022-12-13
25,738,HB2023GET3,4,27.43,3172.53,2023-08-20,2023-08-22
26,739,HB2023GET3,3,27.52,2372.45,2023-09-04,2023-09-06
27,292,FG2023SBCCL,3,null,2249.97,2022-02-21,2022-02-23
28,488,MTB2023XCA9,1,13.61,586.38,2022-09-30,2022-10-02
29,884,FB2023BMSD8,3,null,2729.97,2022-11-30,2022-12-02
30,50,EB2023STV,5,32.73,4217.22,2023-07-20,2023-07-22
31,561,MTB2023XCA9,1,null,599.99,2022-09-09,2022-09-11
32,198,EB2023STV,1,32.37,817.62,2021-02-05,2021-02-07
33,834,MTB2023SRH,5,null,2749.95,2021-07-08,2021-07-10
34,906,FB2023BMSD8,4,null,3639.96,2023-06-25,2023-06-27
35,62,HB2023GET3,4,null,3199.96,2023-01-20,2023-01-22
36,437,FB2023BMSD8,4,31.51,3608.45,2023-07-12,2023-07-14
37,982,FG2023PCOS,4,null,3119.96,2022-06-23,2022-06-25
38,330,FG2023PCOS,1,10.63,769.36,2022-02-22,2022-02-24
39,256,EB2023STV,3,35.59,2514.38,2020-09-04,2020-09-06
40,155,FG2023PCOS,1,8.72,771.27,2021-11-24,2021-11-26
41,964,MTB2023XCA9,4,null,2399.96,2023-11-07,2023-11-09
42,128,FG2023PCOS,1,12.62,767.37,2021-05-22,2021-05-24
43,28,MTB2023SRH,1,null,549.99,2021-06-12,2021-06-14
44,856,MTB2023GAP29,5,1.71,3148.24,2021-06-08,2021-06-10
45,755,MTB2023XCA9,5,9.19,2990.76,2021-09-02,2021-09-04
46,989,MTB2023GAP29,4,null,2519.96,2023-02-04,2023-02-06
47,381,FG2023SBCCL,5,30.12,3719.83,2022-11-08,2022-11-10
48,799,FG2023PCOS,3,null,2339.97,2020-10-03,2020-10-05
49,855,EB2023RPBRR,3,30.52,1919.45,2021-12-22,2021-12-24
50,796,FB2023BMSD8,3,null,2729.97,2020-12-17,2020-12-19
51,978,FG2023PCOS,2,null,1559.98,2022-08-05,2022-08-07
52,685,HB2023TSX5,5,null,3799.95,2021-05-24,2021-05-26
53,740,FG2023QCXT,1,32.29,967.7,2023-10-19,2023-10-21
54,178,FB2023BS6L,4,null,3599.96,2023-02-19,2023-02-21
55,193,FG2023PCOS,5,19.73,3880.22,2022-11-18,2022-11-20
56,851,MTB2023SRH,3,null,1649.97,2022-07-30,2022-08-01
57,488,FG2023SBCCL,3,20.82,2229.15,2022-05-26,2022-05-28
58,223,FG2023SBCCL,5,40.41,3709.54,2020-10-19,2020-10-21
59,558,FG2023SBCCL,3,null,2249.97,2020-09-21,2020-09-23
60,863,MTB2023XCA9,5,23.92,2976.03,2023-05-11,2023-05-13
61,6,EB2023RPBRR,1,8.34,641.65,2021-05-16,2021-05-18
62,935,MTB2023SRH,5,36.99,2712.96,2021-03-19,2021-03-21
63,469,MTB2023XCA9,3,null,1799.97,2021-09-04,2021-09-06
64,84,FB2023BMSD8,5,3.65,4546.3,2021-10-05,2021-10-07
65,439,HB2023GET3,2,null,1599.98,2020-11-14,2020-11-16
66,497,MTB2023SRH,5,null,2749.95,2021-06-28,2021-06-30
67,543,MTB2023SRH,5,null,2749.95,2023-01-26,2023-01-28
68,392,FB2023TM8D,5,null,3499.95,2020-10-01,2020-10-03
69,390,EB2023STV,5,4.94,4245.01,2023-09-07,2023-09-09
70,233,HB2023TSX5,4,0.86,3039.1,2022-06-28,2022-06-30
71,663,FG2023QCXT,5,null,4999.95,2022-11-21,2022-11-23
72,655,EB2023STV,1,null,849.99,2023-06-20,2023-06-22
73,91,HB2023GET3,3,35.95,2364.02,2022-11-10,2022-11-12
74,613,MTB2023SRH,5,null,2749.95,2023-10-14,2023-10-16
75,937,HB2023GET3,1,null,799.99,2022-01-26,2022-01-28
76,881,FB2023TM8D,1,15.26,684.73,2022-06-30,2022-07-02
77,131,FG2023QCXT,3,4.5,2995.47,2021-11-06,2021-11-08
78,575,FG2023SBCCL,2,null,1499.98,2021-04-11,2021-04-13
79,848,FG2023QCXT,3,null,2999.97,2022-06-12,2022-06-14
80,447,MTB2023XCA9,5,null,2999.95,2022-09-29,2022-10-01
81,605,EB2023STV,2,31.72,1668.26,2022-03-10,2022-03-12
82,720,EB2023STV,5,47.84,4202.11,2021-11-21,2021-11-23
83,706,MTB2023XCA9,3,null,1799.97,2021-02-23,2021-02-25
84,214,MTB2023SRH,3,44.74,1605.23,2021-05-22,2021-05-24
85,279,FG2023QCXT,4,35.16,3964.8,2023-07-02,2023-07-04
86,316,MTB2023XCA9,2,37.44,1162.54,2023-01-15,2023-01-17
87,720,FG2023QCXT,1,null,999.99,2021-05-16,2021-05-18
88,976,HB2023GET3,3,13.51,2386.46,2020-12-27,2020-12-29
89,459,MTB2023XCA9,4,30.41,2369.55,2021-03-11,2021-03-13
90,466,FB2023BMSD8,4,48.3,3591.66,2021-04-25,2021-04-27
91,85,MTB2023GAP29,2,null,1259.98,2021-05-14,2021-05-16
92,700,MTB2023SRH,1,null,549.99,2021-04-08,2021-04-10
93,151,FB2023BS6L,5,46.75,4453.2,2022-03-29,2022-03-31
94,8,EB2023STV,2,null,1699.98,2023-03-19,2023-03-21
95,680,HB2023TSX5,1,38.31,721.68,2023-04-02,2023-04-04
96,270,FG2023QCXT,2,null,1999.98,2022-11-26,2022-11-28
97,287,FB2023BMSD8,2,41.35,1778.63,2021-06-28,2021-06-30
98,116,EB2023STV,3,45.55,2504.42,2023-03-25,2023-03-27
99,74,FG2023PCOS,2,null,1559.98,2023-10-27,2023-10-29
100,30,MTB2023XCA9,3,11.11,1788.86,2023-09-22,2023-09-24
101,621,MTB2023SRH,1,24.41,525.58,2023-11-18,2023-11-20
102,134,FG2023QCXT,3,null,2999.97,2022-09-06,2022-09-08
103,476,FB2023BMSD8,4,null,3639.96,2023-08-13,2023-08-15
104,910,HB2023TSX5,5,null,3799.95,2023-11-27,2023-11-29
105,73,FG2023SBCCL,4,3.51,2996.45,2022-02-26,2022-02-28
106,165,FG2023PCOS,2,49.72,1510.26,2021-08-19,2021-08-21
107,578,MTB2023XCA9,3,null,1799.97,2023-08-18,2023-08-20
108,553,EB2023RPBRR,5,25.19,3224.76,2021-10-08,2021-10-10
109,466,HB2023GET3,3,11.73,2388.24,2020-11-18,2020-11-20
110,8,EB2023RPBRR,2,null,1299.98,2022-10-23,2022-10-25
111,223,HB2023GET3,1,36.93,763.06,2020-11-01,2020-11-03
112,103,FB2023BMSD8,1,null,909.99,2021-11-28,2021-11-30
113,312,FB2023BS6L,1,null,899.99,2022-10-04,2022-10-06
114,706,FG2023PCOS,5,3.52,3896.43,2021-12-23,2021-12-25
115,721,FB2023TM8D,4,27.18,2772.78,2023-03-28,2023-03-30
116,911,EB2023STV,1,null,849.99,2022-11-11,2022-11-13
117,362,EB2023STV,1,7.54,842.45,2020-10-12,2020-10-14
118,83,MTB2023XCA9,3,null,1799.97,2023-03-27,2023-03-29
119,396,FB2023BS6L,5,49.22,4450.73,2021-01-12,2021-01-14
120,872,EB2023STV,2,null,1699.98,2023-01-24,2023-01-26
121,600,FG2023SBCCL,4,17.23,2982.73,2023-02-03,2023-02-05
122,234,MTB2023XCA9,1,null,599.99,2021-08-23,2021-08-25
123,120,MTB2023GAP29,5,9.84,3140.11,2022-09-30,2022-10-02
124,517,MTB2023SRH,5,null,2749.95,2023-11-16,2023-11-18
125,992,FB2023BS6L,3,46.43,2653.54,2022-10-02,2022-10-04
126,221,MTB2023XCA9,2,null,1199.98,2022-11-20,2022-11-22
127,418,MTB2023XCA9,5,null,2999.95,2021-10-06,2021-10-08
128,638,EB2023STV,3,47.45,2502.52,2023-02-20,2023-02-22
129,404,FB2023TM8D,3,33.44,2066.53,2023-10-03,2023-10-05
130,618,FB2023BS6L,2,24.71,1775.27,2021-12-06,2021-12-08
131,6,FG2023SBCCL,5,10.86,3739.09,2023-01-21,2023-01-23
132,250,FB2023TM8D,4,null,2799.96,2021-09-17,2021-09-19
133,47,HB2023TSX5,5,null,3799.95,2022-04-20,2022-04-22
134,902,EB2023RPBRR,1,null,649.99,2021-10-06,2021-10-08
135,945,MTB2023GAP29,4,49.91,2470.05,2023-05-25,2023-05-27
136,102,FG2023SBCCL,1,null,749.99,2023-05-11,2023-05-13
137,636,EB2023RPBRR,5,37,3212.95,2023-11-26,2023-11-28
138,967,FG2023PCOS,5,32.45,3867.5,2023-05-30,2023-06-01
139,281,MTB2023XCA9,3,13.24,1786.73,2022-05-03,2022-05-05
140,945,MTB2023XCA9,1,null,599.99,2023-05-06,2023-05-08
141,686,FB2023TM8D,1,2.52,697.47,2022-03-28,2022-03-30
142,356,FB2023BMSD8,3,null,2729.97,2022-10-29,2022-10-31
143,514,FG2023QCXT,5,22.46,4977.49,2021-05-09,2021-05-11
144,932,FB2023BS6L,5,null,4499.95,2021-04-30,2021-05-02
145,160,FG2023QCXT,3,18.49,2981.48,2023-02-03,2023-02-05
146,88,FB2023BMSD8,4,null,3639.96,2021-06-10,2021-06-12
147,381,FB2023BMSD8,4,null,3639.96,2020-11-21,2020-11-23
148,480,FG2023QCXT,5,null,4999.95,2022-06-17,2022-06-19
149,31,EB2023STV,1,null,849.99,2022-01-18,2022-01-20
150,20,HB2023GET3,2,null,1599.98,2022-11-19,2022-11-21
151,231,MTB2023GAP29,4,13.1,2506.86,2022-10-18,2022-10-20
152,488,FG2023PCOS,1,null,779.99,2022-01-04,2022-01-06
153,329,FG2023SBCCL,4,null,2999.96,2023-03-09,2023-03-11
154,39,HB2023GET3,2,29.05,1570.93,2023-01-29,2023-01-31
155,235,FB2023TM8D,4,null,2799.96,2023-10-30,2023-11-01
156,196,MTB2023SRH,5,null,2749.95,2020-11-28,2020-11-30
157,997,EB2023STV,3,24.75,2525.22,2021-03-09,2021-03-11
158,349,FG2023SBCCL,1,null,749.99,2023-08-22,2023-08-24
159,290,HB2023TSX5,3,5.56,2274.41,2020-12-22,2020-12-24
160,685,MTB2023XCA9,4,34.51,2365.45,2023-09-19,2023-09-21
161,158,FB2023BMSD8,5,null,4549.95,2020-11-03,2020-11-05
162,710,EB2023RPBRR,2,null,1299.98,2022-12-15,2022-12-17
163,661,EB2023STV,1,null,849.99,2020-12-16,2020-12-18
164,447,FG2023QCXT,2,null,1999.98,2022-05-03,2022-05-05
165,91,EB2023STV,3,null,2549.97,2021-03-25,2021-03-27
166,223,EB2023RPBRR,2,null,1299.98,2021-04-26,2021-04-28
167,378,HB2023GET3,2,null,1599.98,2023-09-10,2023-09-12
168,65,MTB2023GAP29,2,null,1259.98,2020-10-01,2020-10-03
169,266,HB2023TSX5,2,33.75,1486.23,2021-10-22,2021-10-24
170,845,HB2023TSX5,1,null,759.99,2021-04-25,2021-04-27
171,780,HB2023GET3,2,21.07,1578.91,2023-04-15,2023-04-17
172,333,EB2023RPBRR,1,4.72,645.27,2022-05-12,2022-05-14
173,512,FG2023QCXT,1,24.04,975.95,2021-06-06,2021-06-08
174,235,FB2023BS6L,3,6.76,2693.21,2022-09-20,2022-09-22
175,660,FB2023TM8D,4,21.52,2778.44,2022-02-23,2022-02-25
176,868,MTB2023XCA9,5,null,2999.95,2020-09-06,2020-09-08
177,913,HB2023GET3,2,15.17,1584.81,2020-09-28,2020-09-30
178,887,EB2023STV,1,14.2,835.79,2021-12-15,2021-12-17
179,117,EB2023RPBRR,3,12.93,1937.04,2022-12-24,2022-12-26
180,512,EB2023STV,2,48.33,1651.65,2020-10-24,2020-10-26
181,686,MTB2023GAP29,3,47.04,1842.93,2022-11-23,2022-11-25
182,170,FG2023SBCCL,5,null,3749.95,2023-06-20,2023-06-22
183,361,FB2023TM8D,2,null,1399.98,2022-07-20,2022-07-22
184,158,HB2023GET3,5,33.78,3966.17,2022-04-14,2022-04-16
185,366,MTB2023GAP29,3,24.61,1865.36,2022-04-03,2022-04-05
186,852,FG2023SBCCL,2,49.73,1450.25,2022-08-23,2022-08-25
187,352,MTB2023GAP29,3,null,1889.97,2022-11-10,2022-11-12
188,355,FB2023BMSD8,1,21.66,888.33,2021-06-01,2021-06-03
189,915,HB2023TSX5,4,41.94,2998.02,2022-03-22,2022-03-24
190,855,MTB2023XCA9,4,null,2399.96,2023-09-13,2023-09-15
191,715,HB2023GET3,4,null,3199.96,2021-02-13,2021-02-15
192,743,MTB2023SRH,1,11.04,538.95,2021-11-15,2021-11-17
193,405,EB2023STV,2,null,1699.98,2021-05-15,2021-05-17
194,563,MTB2023XCA9,2,null,1199.98,2022-11-29,2022-12-01
195,908,HB2023GET3,3,null,2399.97,2021-09-17,2021-09-19
196,49,HB2023TSX5,4,null,3039.96,2021-05-29,2021-05-31
197,296,HB2023GET3,3,7.87,2392.1,2023-07-05,2023-07-07
198,130,FG2023QCXT,2,30.05,1969.93,2021-05-09,2021-05-11
199,289,EB2023RPBRR,3,null,1949.97,2020-11-11,2020-11-13
200,625,MTB2023GAP29,5,0.44,3149.51,2023-08-03,2023-08-05
201,68,FB2023TM8D,1,null,699.99,2023-09-20,2023-09-22
202,591,FB2023TM8D,3,41.59,2058.38,2021-10-12,2021-10-14
203,219,EB2023RPBRR,3,null,1949.97,2021-11-10,2021-11-12
204,894,FG2023QCXT,2,4.75,1995.23,2023-11-23,2023-11-25
205,335,FG2023SBCCL,5,null,3749.95,2020-12-10,2020-12-12
206,800,FB2023TM8D,4,null,2799.96,2021-12-30,2022-01-01
207,494,HB2023GET3,3,null,2399.97,2022-08-23,2022-08-25
208,777,HB2023GET3,1,3.36,796.63,2022-07-24,2022-07-26
209,562,FG2023PCOS,4,null,3119.96,2022-01-12,2022-01-14
210,354,FB2023BMSD8,3,null,2729.97,2023-03-09,2023-03-11
211,240,HB2023TSX5,2,39.11,1480.87,2023-05-26,2023-05-28
212,612,MTB2023SRH,4,32.64,2167.32,2021-03-13,2021-03-15
213,891,FG2023PCOS,4,null,3119.96,2023-06-26,2023-06-28
214,810,EB2023STV,5,null,4249.95,2021-03-03,2021-03-05
215,111,EB2023STV,3,null,2549.97,2021-09-23,2021-09-25
216,251,FG2023PCOS,4,36.88,3083.08,2020-09-15,2020-09-17
217,324,MTB2023XCA9,5,null,2999.95,2023-08-27,2023-08-29
218,512,FB2023TM8D,4,null,2799.96,2023-10-21,2023-10-23
219,668,MTB2023SRH,4,8.33,2191.63,2023-03-18,2023-03-20
220,596,FB2023TM8D,1,36.67,663.32,2023-02-09,2023-02-11
221,478,HB2023TSX5,1,null,759.99,2022-12-22,2022-12-24
222,369,EB2023RPBRR,3,22.79,1927.18,2022-10-26,2022-10-28
223,706,MTB2023SRH,3,18.52,1631.45,2021-04-04,2021-04-06
224,743,HB2023GET3,4,null,3199.96,2021-07-06,2021-07-08
225,359,FB2023BS6L,4,null,3599.96,2022-12-05,2022-12-07
226,158,HB2023GET3,5,11.84,3988.11,2021-09-13,2021-09-15
227,463,FB2023TM8D,2,null,1399.98,2022-05-28,2022-05-30
228,409,MTB2023GAP29,4,null,2519.96,2023-01-16,2023-01-18
229,668,FG2023QCXT,5,null,4999.95,2023-08-17,2023-08-19
230,1,MTB2023GAP29,2,null,1259.98,2022-12-16,2022-12-18
231,180,FG2023QCXT,1,33.3,966.69,2021-12-25,2021-12-27
232,539,FG2023PCOS,2,21.97,1538.01,2021-12-06,2021-12-08
233,763,EB2023STV,3,46.71,2503.26,2021-07-03,2021-07-05
234,975,FB2023TM8D,1,47.32,652.67,2021-03-23,2021-03-25
235,422,MTB2023SRH,1,null,549.99,2021-04-05,2021-04-07
236,11,MTB2023SRH,4,20.53,2179.43,2021-06-30,2021-07-02
237,255,FB2023BS6L,5,19.94,4480.01,2023-11-02,2023-11-04
238,363,EB2023STV,2,32.39,1667.59,2022-11-26,2022-11-28
239,28,FG2023QCXT,3,8.42,2991.55,2023-04-23,2023-04-25
240,433,HB2023GET3,5,null,3999.95,2023-07-02,2023-07-04
241,837,EB2023STV,2,null,1699.98,2021-09-16,2021-09-18
242,777,HB2023GET3,1,48.58,751.41,2021-04-28,2021-04-30
243,961,MTB2023XCA9,1,null,599.99,2021-06-02,2021-06-04
244,598,FB2023BS6L,2,null,1799.98,2021-12-15,2021-12-17
245,844,FG2023SBCCL,5,null,3749.95,2022-11-28,2022-11-30
246,791,MTB2023XCA9,3,null,1799.97,2020-12-25,2020-12-27
247,579,MTB2023GAP29,1,21.68,608.31,2021-02-13,2021-02-15
248,226,FG2023QCXT,5,null,4999.95,2023-06-24,2023-06-26
249,820,MTB2023XCA9,3,47.28,1752.69,2020-09-10,2020-09-12
250,591,EB2023STV,2,43.69,1656.29,2022-09-08,2022-09-10
251,407,HB2023TSX5,5,null,3799.95,2023-04-23,2023-04-25
252,424,FG2023SBCCL,1,41.92,708.07,2021-06-22,2021-06-24
253,705,MTB2023SRH,1,null,549.99,2023-02-16,2023-02-18
254,567,FG2023SBCCL,4,47.8,2952.16,2022-03-22,2022-03-24
255,75,FG2023SBCCL,5,null,3749.95,2021-05-14,2021-05-16
256,975,FB2023TM8D,2,38.28,1361.7,2023-01-19,2023-01-21
257,901,EB2023STV,3,9.07,2540.9,2022-10-05,2022-10-07
258,786,EB2023RPBRR,2,null,1299.98,2023-06-02,2023-06-04
259,505,HB2023TSX5,2,5.64,1514.34,2022-06-13,2022-06-15
260,282,HB2023TSX5,1,null,759.99,2021-07-10,2021-07-12
261,425,FG2023QCXT,1,null,999.99,2023-10-07,2023-10-09
262,480,FG2023SBCCL,3,1.07,2248.9,2023-10-06,2023-10-08
263,329,FB2023TM8D,4,null,2799.96,2023-01-23,2023-01-25
264,428,HB2023TSX5,3,null,2279.97,2021-08-24,2021-08-26
265,68,MTB2023SRH,3,11.45,1638.52,2022-06-29,2022-07-01
266,451,FB2023BMSD8,3,null,2729.97,2021-05-07,2021-05-09
267,259,MTB2023SRH,3,42.11,1607.86,2023-02-16,2023-02-18
268,120,FG2023QCXT,4,9.65,3990.31,2022-09-11,2022-09-13
269,681,MTB2023GAP29,2,6.93,1253.05,2023-11-24,2023-11-26
270,740,FB2023BS6L,3,25.51,2674.46,2021-05-18,2021-05-20
271,84,FG2023QCXT,5,9.77,4990.18,2021-10-05,2021-10-07
272,849,FG2023QCXT,2,null,1999.98,2022-08-19,2022-08-21
273,699,FB2023TM8D,2,null,1399.98,2022-10-04,2022-10-06
274,461,HB2023TSX5,3,2.25,2277.72,2023-03-27,2023-03-29
275,972,EB2023STV,3,20.91,2529.06,2021-11-01,2021-11-03
276,614,FB2023TM8D,2,1.99,1397.99,2022-09-27,2022-09-29
277,473,FG2023QCXT,4,29.4,3970.56,2022-09-22,2022-09-24
278,901,HB2023GET3,5,7.33,3992.62,2022-08-15,2022-08-17
279,413,MTB2023GAP29,2,16.82,1243.16,2021-12-12,2021-12-14
280,936,FG2023QCXT,4,null,3999.96,2023-02-12,2023-02-14
281,636,MTB2023GAP29,1,1.23,628.76,2021-09-17,2021-09-19
282,215,EB2023RPBRR,1,41.76,608.23,2023-01-01,2023-01-03
283,486,HB2023TSX5,3,37.03,2242.94,2022-10-27,2022-10-29
284,619,FB2023BS6L,1,null,899.99,2023-05-05,2023-05-07
285,532,HB2023GET3,5,null,3999.95,2022-02-03,2022-02-05
286,1,FG2023QCXT,1,16.16,983.83,2020-11-25,2020-11-27
287,522,MTB2023XCA9,3,34.82,1765.15,2021-02-21,2021-02-23
288,821,FB2023BMSD8,1,14.3,895.69,2021-04-25,2021-04-27
289,119,HB2023TSX5,3,null,2279.97,2020-10-29,2020-10-31
290,128,FG2023PCOS,3,null,2339.97,2023-07-16,2023-07-18
291,705,FB2023BMSD8,2,null,1819.98,2020-10-24,2020-10-26
292,847,MTB2023SRH,2,null,1099.98,2022-09-28,2022-09-30
293,816,MTB2023SRH,2,4.28,1095.7,2020-09-20,2020-09-22
294,778,FG2023SBCCL,5,25.71,3724.24,2021-01-26,2021-01-28
295,72,FG2023PCOS,5,null,3899.95,2023-07-01,2023-07-03
296,644,FB2023TM8D,2,null,1399.98,2021-11-28,2021-11-30
297,594,MTB2023GAP29,1,null,629.99,2021-09-29,2021-10-01
298,88,HB2023TSX5,3,28.46,2251.51,2020-11-27,2020-11-29
299,865,MTB2023GAP29,5,44.74,3105.21,2022-05-19,2022-05-21
300,434,EB2023STV,5,null,4249.95,2023-11-15,2023-11-17
301,73,MTB2023XCA9,2,null,1199.98,2021-07-18,2021-07-20
302,544,HB2023TSX5,1,null,759.99,2023-04-25,2023-04-27
303,779,FB2023BS6L,1,30.52,869.47,2021-10-02,2021-10-04
304,163,HB2023TSX5,5,null,3799.95,2022-07-03,2022-07-05
305,954,HB2023TSX5,2,0.68,1519.3,2021-07-22,2021-07-24
306,558,FG2023SBCCL,1,null,749.99,2021-05-07,2021-05-09
307,173,EB2023STV,4,22.11,3377.85,2022-07-19,2022-07-21
308,365,MTB2023SRH,2,null,1099.98,2022-08-22,2022-08-24
309,384,FB2023BS6L,1,null,899.99,2023-09-30,2023-10-02
310,69,FB2023TM8D,1,null,699.99,2020-12-12,2020-12-14
311,203,FB2023BMSD8,3,null,2729.97,2021-09-29,2021-10-01
312,397,EB2023RPBRR,2,37.78,1262.2,2023-06-04,2023-06-06
313,130,MTB2023XCA9,2,null,1199.98,2021-05-11,2021-05-13
314,506,FB2023BS6L,3,22.59,2677.38,2020-12-25,2020-12-27
315,823,EB2023RPBRR,5,null,3249.95,2020-09-03,2020-09-05
316,781,MTB2023SRH,5,null,2749.95,2023-02-04,2023-02-06
317,636,HB2023GET3,3,30.25,2369.72,2023-05-06,2023-05-08
318,420,EB2023RPBRR,2,18.03,1281.95,2022-08-25,2022-08-27
319,873,FB2023TM8D,5,32.8,3467.15,2021-02-23,2021-02-25
320,693,FG2023QCXT,3,12.48,2987.49,2023-05-12,2023-05-14
321,717,FG2023SBCCL,1,29.33,720.66,2021-09-13,2021-09-15
322,173,MTB2023SRH,1,14.56,535.43,2023-08-07,2023-08-09
323,82,MTB2023XCA9,3,null,1799.97,2023-11-14,2023-11-16
324,550,MTB2023XCA9,4,null,2399.96,2022-03-09,2022-03-11
325,713,MTB2023XCA9,3,null,1799.97,2021-01-30,2021-02-01
326,111,MTB2023XCA9,5,null,2999.95,2022-01-07,2022-01-09
327,272,FG2023PCOS,4,20.15,3099.81,2022-01-19,2022-01-21
328,631,MTB2023XCA9,4,null,2399.96,2023-01-16,2023-01-18
329,877,MTB2023SRH,2,null,1099.98,2022-09-16,2022-09-18
330,282,FB2023BS6L,3,6.58,2693.39,2023-08-18,2023-08-20
331,864,FB2023BS6L,1,null,899.99,2022-12-10,2022-12-12
332,170,HB2023GET3,3,39.23,2360.74,2021-12-29,2021-12-31
333,690,MTB2023XCA9,2,null,1199.98,2022-03-08,2022-03-10
334,841,MTB2023GAP29,1,null,629.99,2021-10-08,2021-10-10
335,886,EB2023RPBRR,4,20.46,2579.5,2022-11-28,2022-11-30
336,216,HB2023TSX5,5,null,3799.95,2021-03-16,2021-03-18
337,301,EB2023STV,5,null,4249.95,2022-05-03,2022-05-05
338,758,HB2023TSX5,3,18.75,2261.22,2022-11-16,2022-11-18
339,311,MTB2023SRH,3,3.36,1646.61,2022-10-27,2022-10-29
340,898,FB2023TM8D,2,15.94,1384.04,2021-08-21,2021-08-23
341,30,FB2023TM8D,3,0.35,2099.62,2022-06-02,2022-06-04
342,429,EB2023RPBRR,3,36.21,1913.76,2022-09-03,2022-09-05
343,121,EB2023STV,5,37.33,4212.62,2021-04-14,2021-04-16
344,574,FB2023TM8D,4,29.54,2770.42,2023-02-20,2023-02-22
345,360,FG2023QCXT,2,39.3,1960.68,2022-05-08,2022-05-10
346,84,EB2023STV,3,null,2549.97,2020-09-20,2020-09-22
347,134,MTB2023XCA9,2,null,1199.98,2020-10-30,2020-11-01
348,709,FG2023PCOS,5,0.89,3899.06,2021-05-26,2021-05-28
349,674,EB2023STV,1,48.95,801.04,2021-03-17,2021-03-19
350,258,FG2023SBCCL,5,null,3749.95,2021-12-27,2021-12-29
351,60,FG2023SBCCL,2,null,1499.98,2021-09-03,2021-09-05
352,500,MTB2023XCA9,4,41.54,2358.42,2023-11-12,2023-11-14
353,663,MTB2023GAP29,1,null,629.99,2020-09-20,2020-09-22
354,788,HB2023TSX5,5,null,3799.95,2023-03-13,2023-03-15
355,573,FB2023BMSD8,4,0.9,3639.06,2022-09-30,2022-10-02
356,602,HB2023GET3,3,null,2399.97,2022-10-22,2022-10-24
357,873,FG2023QCXT,1,null,999.99,2021-08-22,2021-08-24
358,318,EB2023RPBRR,4,16.22,2583.74,2022-08-29,2022-08-31
359,886,MTB2023GAP29,3,null,1889.97,2022-01-01,2022-01-03
360,708,MTB2023SRH,3,null,1649.97,2022-08-26,2022-08-28
361,719,FB2023TM8D,3,null,2099.97,2022-12-25,2022-12-27
362,171,MTB2023SRH,1,null,549.99,2022-01-20,2022-01-22
363,889,FB2023BMSD8,3,null,2729.97,2023-05-26,2023-05-28
364,164,MTB2023GAP29,2,null,1259.98,2021-08-01,2021-08-03
365,646,HB2023GET3,3,7.84,2392.13,2022-08-09,2022-08-11
366,18,EB2023RPBRR,5,null,3249.95,2022-10-25,2022-10-27
367,528,MTB2023XCA9,2,46.79,1153.19,2023-04-22,2023-04-24
368,462,MTB2023XCA9,4,null,2399.96,2023-02-05,2023-02-07
369,539,EB2023RPBRR,3,null,1949.97,2021-01-27,2021-01-29
370,393,MTB2023SRH,5,null,2749.95,2023-04-25,2023-04-27
371,44,MTB2023SRH,2,null,1099.98,2020-12-03,2020-12-05
372,516,EB2023RPBRR,4,null,2599.96,2021-11-08,2021-11-10
373,778,MTB2023SRH,3,null,1649.97,2023-09-22,2023-09-24
374,640,FG2023SBCCL,4,31.95,2968.01,2020-10-20,2020-10-22
375,765,FG2023PCOS,4,null,3119.96,2022-06-29,2022-07-01
376,548,FG2023SBCCL,2,16,1483.98,2021-01-04,2021-01-06
377,641,FG2023QCXT,1,37.87,962.12,2021-01-30,2021-02-01
378,48,HB2023GET3,4,34.59,3165.37,2022-07-27,2022-07-29
379,733,FB2023BMSD8,3,null,2729.97,2023-05-22,2023-05-24
380,876,FB2023BS6L,4,null,3599.96,2022-09-11,2022-09-13
381,864,MTB2023GAP29,4,null,2519.96,2023-06-24,2023-06-26
382,723,FB2023BMSD8,3,42.51,2687.46,2021-06-29,2021-07-01
383,190,FB2023BMSD8,2,null,1819.98,2022-05-06,2022-05-08
384,278,FG2023QCXT,1,20.61,979.38,2022-04-12,2022-04-14
385,999,FG2023PCOS,5,null,3899.95,2023-07-13,2023-07-15
386,600,EB2023RPBRR,2,null,1299.98,2023-01-08,2023-01-10
387,447,FG2023SBCCL,5,null,3749.95,2022-03-03,2022-03-05
388,75,MTB2023SRH,5,null,2749.95,2020-12-10,2020-12-12
389,968,FB2023TM8D,1,null,699.99,2022-03-11,2022-03-13
390,273,EB2023RPBRR,2,47.77,1252.21,2022-03-10,2022-03-12
391,951,FG2023PCOS,4,null,3119.96,2023-11-15,2023-11-17
392,760,FB2023TM8D,5,null,3499.95,2022-07-29,2022-07-31
393,74,MTB2023GAP29,4,7.82,2512.14,2023-04-19,2023-04-21
394,850,MTB2023GAP29,1,20.4,609.59,2022-03-26,2022-03-28
395,509,EB2023RPBRR,5,null,3249.95,2023-02-27,2023-03-01
396,638,FB2023TM8D,5,null,3499.95,2022-11-21,2022-11-23
397,705,FB2023BMSD8,3,null,2729.97,2020-09-19,2020-09-21
398,623,FG2023SBCCL,3,null,2249.97,2023-10-06,2023-10-08
399,634,FG2023QCXT,5,null,4999.95,2021-01-27,2021-01-29
400,46,MTB2023SRH,5,47.9,2702.05,2023-06-19,2023-06-21
401,365,FG2023SBCCL,2,9.29,1490.69,2021-06-18,2021-06-20
402,82,MTB2023XCA9,3,17.94,1782.03,2022-12-01,2022-12-03
403,775,FB2023TM8D,1,8.77,691.22,2023-01-23,2023-01-25
404,414,MTB2023SRH,1,null,549.99,2022-10-26,2022-10-28
405,64,MTB2023SRH,5,23.56,2726.39,2022-01-29,2022-01-31
406,743,HB2023TSX5,4,null,3039.96,2023-01-26,2023-01-28
407,103,FG2023QCXT,2,21.28,1978.7,2022-07-08,2022-07-10
408,728,HB2023GET3,2,null,1599.98,2023-08-26,2023-08-28
409,244,FG2023PCOS,2,null,1559.98,2022-07-12,2022-07-14
410,987,FB2023BS6L,2,null,1799.98,2023-09-18,2023-09-20
411,231,FG2023QCXT,4,null,3999.96,2022-02-17,2022-02-19
412,281,HB2023TSX5,3,18.25,2261.72,2020-09-04,2020-09-06
413,473,FG2023SBCCL,4,12.56,2987.4,2023-04-08,2023-04-10
414,356,FB2023TM8D,3,null,2099.97,2022-11-23,2022-11-25
415,637,FB2023BS6L,1,8.73,891.26,2023-02-01,2023-02-03
416,477,FB2023BS6L,3,null,2699.97,2022-05-27,2022-05-29
417,53,EB2023STV,1,3.15,846.84,2021-12-29,2021-12-31
418,131,EB2023RPBRR,2,37.15,1262.83,2023-11-16,2023-11-18
419,309,EB2023RPBRR,3,null,1949.97,2022-12-12,2022-12-14
420,299,HB2023TSX5,1,null,759.99,2021-03-23,2021-03-25
421,119,FG2023SBCCL,1,23.18,726.81,2023-12-01,2023-12-03
422,919,MTB2023SRH,2,null,1099.98,2022-05-30,2022-06-01
423,771,EB2023STV,1,22.21,827.78,2022-04-22,2022-04-24
424,974,FB2023BMSD8,1,38,871.99,2021-07-03,2021-07-05
425,4,FB2023TM8D,2,37.68,1362.3,2023-01-16,2023-01-18
426,328,FB2023BMSD8,1,17.48,892.51,2021-08-05,2021-08-07
427,839,FG2023SBCCL,1,null,749.99,2023-10-05,2023-10-07
428,947,MTB2023GAP29,4,39.27,2480.69,2022-05-19,2022-05-21
429,321,MTB2023GAP29,5,2.96,3146.99,2023-01-14,2023-01-16
430,994,FB2023BMSD8,1,11.2,898.79,2022-09-12,2022-09-14
431,409,MTB2023SRH,4,1.44,2198.52,2020-10-31,2020-11-02
432,787,FB2023TM8D,3,9.34,2090.63,2022-02-06,2022-02-08
433,913,MTB2023XCA9,4,11.64,2388.32,2023-03-13,2023-03-15
434,577,MTB2023SRH,5,26.75,2723.2,2022-02-10,2022-02-12
435,486,HB2023GET3,4,null,3199.96,2023-10-28,2023-10-30
436,216,HB2023GET3,1,null,799.99,2020-11-08,2020-11-10
437,988,HB2023TSX5,2,null,1519.98,2023-04-20,2023-04-22
438,474,MTB2023XCA9,3,17.83,1782.14,2022-02-10,2022-02-12
439,135,HB2023TSX5,1,null,759.99,2022-06-05,2022-06-07
440,734,EB2023STV,5,29.86,4220.09,2023-06-06,2023-06-08
441,380,MTB2023SRH,1,40,509.99,2022-05-17,2022-05-19
442,243,MTB2023XCA9,3,null,1799.97,2023-03-15,2023-03-17
443,8,MTB2023GAP29,5,28.16,3121.79,2021-05-15,2021-05-17
444,294,FG2023QCXT,4,37.1,3962.86,2023-02-20,2023-02-22
445,354,FB2023BMSD8,2,27.78,1792.2,2022-04-18,2022-04-20
446,572,HB2023TSX5,1,25.81,734.18,2022-07-26,2022-07-28
447,379,FG2023QCXT,3,7.39,2992.58,2020-11-16,2020-11-18
448,523,FG2023PCOS,5,8.04,3891.91,2022-08-15,2022-08-17
449,118,MTB2023SRH,5,10.3,2739.65,2023-04-13,2023-04-15
450,727,FG2023PCOS,2,41.91,1518.07,2022-01-04,2022-01-06
451,911,EB2023RPBRR,1,39.35,610.64,2023-08-18,2023-08-20
452,913,FB2023TM8D,5,0.98,3498.97,2023-08-11,2023-08-13
453,384,FB2023TM8D,2,48.98,1351,2022-09-21,2022-09-23
454,351,MTB2023XCA9,3,37.62,1762.35,2022-01-10,2022-01-12
455,122,FB2023BMSD8,1,27.61,882.38,2023-07-14,2023-07-16
456,575,FG2023SBCCL,1,null,749.99,2022-05-02,2022-05-04
457,200,FB2023BMSD8,4,47.69,3592.27,2023-09-24,2023-09-26
458,531,FG2023PCOS,3,37.73,2302.24,2021-01-13,2021-01-15
459,401,MTB2023XCA9,2,null,1199.98,2022-05-15,2022-05-17
460,943,FG2023SBCCL,5,32.51,3717.44,2022-11-23,2022-11-25
461,434,MTB2023SRH,5,30.13,2719.82,2021-06-28,2021-06-30
462,338,HB2023TSX5,3,32.43,2247.54,2023-08-28,2023-08-30
463,492,FB2023BS6L,4,12.83,3587.13,2022-06-28,2022-06-30
464,84,FB2023BS6L,3,null,2699.97,2021-11-11,2021-11-13
465,451,FB2023BMSD8,4,null,3639.96,2021-09-23,2021-09-25
466,853,HB2023TSX5,5,40.67,3759.28,2022-04-08,2022-04-10
467,214,MTB2023GAP29,2,22.1,1237.88,2021-08-13,2021-08-15
468,654,EB2023STV,2,null,1699.98,2023-02-11,2023-02-13
469,915,EB2023STV,1,19.28,830.71,2022-03-03,2022-03-05
470,41,HB2023GET3,4,3.44,3196.52,2020-11-11,2020-11-13
471,87,MTB2023XCA9,1,null,599.99,2022-07-05,2022-07-07
472,688,MTB2023GAP29,1,null,629.99,2021-10-10,2021-10-12
473,170,EB2023STV,5,8.12,4241.83,2021-10-15,2021-10-17
474,168,FG2023SBCCL,3,null,2249.97,2022-07-08,2022-07-10
475,577,FG2023QCXT,4,null,3999.96,2020-12-19,2020-12-21
476,91,FB2023TM8D,5,3.29,3496.66,2022-10-11,2022-10-13
477,12,FG2023PCOS,5,18.59,3881.36,2023-07-20,2023-07-22
478,293,FB2023TM8D,1,null,699.99,2023-11-01,2023-11-03
479,874,MTB2023XCA9,5,null,2999.95,2022-05-15,2022-05-17
480,592,EB2023RPBRR,4,34.8,2565.16,2023-02-01,2023-02-03
481,310,HB2023GET3,4,22.33,3177.63,2021-03-02,2021-03-04
482,760,FB2023BS6L,4,null,3599.96,2020-09-15,2020-09-17
483,17,MTB2023XCA9,5,null,2999.95,2021-05-06,2021-05-08
484,153,HB2023TSX5,1,null,759.99,2021-12-28,2021-12-30
485,601,HB2023TSX5,1,null,759.99,2021-05-13,2021-05-15
486,278,FG2023SBCCL,4,4.37,2995.59,2023-06-14,2023-06-16
487,322,FG2023PCOS,3,null,2339.97,2021-08-11,2021-08-13
488,469,EB2023STV,3,38,2511.97,2022-08-08,2022-08-10
489,413,HB2023GET3,1,43.96,756.03,2022-05-17,2022-05-19
490,685,FB2023BS6L,2,null,1799.98,2021-10-20,2021-10-22
491,239,EB2023RPBRR,1,null,649.99,2023-08-19,2023-08-21
492,906,MTB2023SRH,3,39.73,1610.24,2023-05-23,2023-05-25
493,424,FG2023SBCCL,3,31.1,2218.87,2021-03-17,2021-03-19
494,112,HB2023GET3,5,null,3999.95,2023-09-13,2023-09-15
495,891,FG2023PCOS,2,null,1559.98,2022-05-03,2022-05-05
496,357,EB2023STV,5,28.51,4221.44,2023-11-05,2023-11-07
497,166,HB2023GET3,1,null,799.99,2020-12-21,2020-12-23
498,889,MTB2023XCA9,5,null,2999.95,2023-08-17,2023-08-19
499,932,EB2023RPBRR,5,null,3249.95,2021-08-23,2021-08-25
500,357,EB2023STV,3,28.89,2521.08,2021-01-13,2021-01-15
501,43,EB2023RPBRR,1,32.54,617.45,2021-10-31,2021-11-02
502,212,FB2023BS6L,2,null,1799.98,2023-08-05,2023-08-07
503,958,FG2023QCXT,4,42.42,3957.54,2020-09-21,2020-09-23
504,913,FB2023BMSD8,1,27.55,882.44,2023-10-23,2023-10-25
505,670,MTB2023XCA9,4,null,2399.96,2022-05-14,2022-05-16
506,692,FG2023SBCCL,4,null,2999.96,2021-09-11,2021-09-13
507,351,FB2023TM8D,1,48.33,651.66,2023-09-23,2023-09-25
508,225,FG2023PCOS,1,null,779.99,2022-10-08,2022-10-10
509,591,HB2023TSX5,5,null,3799.95,2021-07-08,2021-07-10
510,208,MTB2023SRH,5,null,2749.95,2022-04-19,2022-04-21
511,780,MTB2023GAP29,3,null,1889.97,2023-09-27,2023-09-29
512,435,FB2023BS6L,2,null,1799.98,2021-10-23,2021-10-25
513,950,EB2023STV,5,null,4249.95,2023-02-05,2023-02-07
514,957,FB2023TM8D,3,null,2099.97,2021-08-23,2021-08-25
515,934,FB2023BS6L,4,null,3599.96,2022-04-18,2022-04-20
516,560,HB2023TSX5,4,null,3039.96,2021-08-28,2021-08-30
517,404,EB2023STV,5,1,4248.95,2023-11-10,2023-11-12
518,424,EB2023RPBRR,3,29.44,1920.53,2023-02-09,2023-02-11
519,515,HB2023TSX5,3,31.01,2248.96,2021-01-24,2021-01-26
520,246,MTB2023XCA9,4,null,2399.96,2022-12-03,2022-12-05
521,555,FB2023TM8D,1,null,699.99,2022-09-27,2022-09-29
522,864,FB2023BS6L,3,29.5,2670.47,2022-06-18,2022-06-20
523,441,EB2023STV,3,2.59,2547.38,2021-06-06,2021-06-08
524,746,HB2023GET3,4,25.37,3174.59,2022-01-24,2022-01-26
525,288,MTB2023GAP29,2,null,1259.98,2022-12-12,2022-12-14
526,875,MTB2023XCA9,1,null,599.99,2021-08-04,2021-08-06
527,820,FB2023BS6L,3,null,2699.97,2023-03-14,2023-03-16
528,718,FB2023TM8D,1,28.12,671.87,2020-10-31,2020-11-02
529,285,FG2023QCXT,4,null,3999.96,2021-05-04,2021-05-06
530,380,FG2023PCOS,2,null,1559.98,2021-02-20,2021-02-22
531,569,FG2023PCOS,5,29.41,3870.54,2022-07-26,2022-07-28
532,110,EB2023STV,1,null,849.99,2021-10-22,2021-10-24
533,555,FB2023TM8D,1,24.42,675.57,2022-12-06,2022-12-08
534,596,EB2023RPBRR,5,null,3249.95,2023-08-17,2023-08-19
535,67,EB2023STV,1,11.59,838.4,2020-10-09,2020-10-11
536,694,EB2023STV,3,null,2549.97,2020-11-05,2020-11-07
537,274,MTB2023GAP29,4,null,2519.96,2020-12-27,2020-12-29
538,337,MTB2023XCA9,4,18.51,2381.45,2021-11-29,2021-12-01
539,387,EB2023STV,3,17.86,2532.11,2023-03-26,2023-03-28
540,403,FG2023QCXT,2,18.71,1981.27,2021-04-29,2021-05-01
541,471,HB2023GET3,3,null,2399.97,2021-10-09,2021-10-11
542,743,FB2023BS6L,2,null,1799.98,2023-04-25,2023-04-27
543,978,MTB2023GAP29,1,null,629.99,2021-05-10,2021-05-12
544,993,MTB2023XCA9,4,null,2399.96,2022-03-01,2022-03-03
545,206,MTB2023SRH,5,null,2749.95,2023-07-04,2023-07-06
546,193,FG2023QCXT,2,null,1999.98,2021-11-28,2021-11-30
547,419,EB2023STV,3,null,2549.97,2022-08-01,2022-08-03
548,750,FG2023SBCCL,2,45.26,1454.72,2022-02-03,2022-02-05
549,351,FG2023QCXT,4,25.54,3974.42,2023-02-01,2023-02-03
550,546,EB2023STV,2,7.08,1692.9,2021-06-16,2021-06-18
551,788,MTB2023SRH,5,8.54,2741.41,2023-07-21,2023-07-23
552,885,MTB2023XCA9,3,null,1799.97,2022-01-11,2022-01-13
553,633,FG2023PCOS,2,8.01,1551.97,2022-03-03,2022-03-05
554,626,FG2023SBCCL,5,null,3749.95,2021-04-20,2021-04-22
555,29,MTB2023SRH,5,48.81,2701.14,2023-01-20,2023-01-22
556,445,FB2023BMSD8,3,null,2729.97,2022-07-23,2022-07-25
557,193,FG2023QCXT,4,22.3,3977.66,2023-03-27,2023-03-29
558,625,FG2023SBCCL,5,null,3749.95,2022-09-11,2022-09-13
559,952,FG2023PCOS,4,null,3119.96,2022-01-30,2022-02-01
560,683,HB2023GET3,2,null,1599.98,2022-11-03,2022-11-05
561,883,FB2023BMSD8,4,null,3639.96,2021-02-25,2021-02-27
562,48,MTB2023GAP29,5,12.22,3137.73,2022-08-16,2022-08-18
563,347,FB2023TM8D,3,null,2099.97,2021-12-15,2021-12-17
564,661,MTB2023GAP29,2,null,1259.98,2022-04-21,2022-04-23
565,851,FB2023TM8D,4,null,2799.96,2021-06-02,2021-06-04
566,550,MTB2023SRH,3,47.75,1602.22,2023-07-20,2023-07-22
567,833,FG2023PCOS,1,null,779.99,2022-03-23,2022-03-25
568,872,HB2023GET3,5,39.7,3960.25,2021-12-05,2021-12-07
569,659,MTB2023SRH,3,45.91,1604.06,2023-05-26,2023-05-28
570,112,EB2023STV,4,null,3399.96,2021-12-30,2022-01-01
571,974,EB2023STV,2,null,1699.98,2022-11-09,2022-11-11
572,211,MTB2023XCA9,2,42.59,1157.39,2023-01-14,2023-01-16
573,521,EB2023STV,4,null,3399.96,2023-02-22,2023-02-24
574,723,FB2023BS6L,4,39.63,3560.33,2021-02-16,2021-02-18
575,177,HB2023TSX5,5,5.45,3794.5,2022-11-06,2022-11-08
576,16,FG2023PCOS,3,18.05,2321.92,2021-07-16,2021-07-18
577,583,FG2023QCXT,4,38.27,3961.69,2023-02-11,2023-02-13
578,952,MTB2023XCA9,5,null,2999.95,2023-08-25,2023-08-27
579,139,MTB2023SRH,4,19.74,2180.22,2023-02-04,2023-02-06
580,926,FB2023BMSD8,2,null,1819.98,2022-08-25,2022-08-27
581,36,EB2023RPBRR,4,6.5,2593.46,2021-06-25,2021-06-27
582,834,MTB2023SRH,5,null,2749.95,2021-12-06,2021-12-08
583,751,MTB2023SRH,5,null,2749.95,2023-07-04,2023-07-06
584,510,FG2023QCXT,2,36.15,1963.83,2023-07-09,2023-07-11
585,88,FB2023BS6L,2,null,1799.98,2020-12-03,2020-12-05
586,498,MTB2023SRH,1,null,549.99,2021-03-13,2021-03-15
587,546,MTB2023GAP29,5,null,3149.95,2022-01-15,2022-01-17
588,553,EB2023RPBRR,4,null,2599.96,2021-06-08,2021-06-10
589,933,FG2023SBCCL,1,7.83,742.16,2023-02-28,2023-03-02
590,830,FB2023BS6L,2,null,1799.98,2022-06-18,2022-06-20
591,303,FB2023BMSD8,3,8.33,2721.64,2021-06-24,2021-06-26
592,83,FB2023BS6L,1,null,899.99,2022-12-19,2022-12-21
593,584,FG2023PCOS,2,37.02,1522.96,2020-11-25,2020-11-27
594,97,EB2023RPBRR,2,null,1299.98,2021-03-26,2021-03-28
595,59,MTB2023XCA9,1,35.3,564.69,2021-02-28,2021-03-02
596,849,FB2023BMSD8,5,null,4549.95,2022-01-06,2022-01-08
597,916,FB2023TM8D,2,23.62,1376.36,2022-10-25,2022-10-27
598,294,FG2023QCXT,4,null,3999.96,2020-10-20,2020-10-22
599,520,FG2023SBCCL,2,31.53,1468.45,2022-08-14,2022-08-16
600,867,FG2023PCOS,1,41.4,738.59,2021-12-28,2021-12-30
601,164,FG2023SBCCL,2,39.83,1460.15,2023-01-22,2023-01-24
602,358,HB2023TSX5,1,11.99,748,2022-06-03,2022-06-05
603,454,HB2023GET3,5,19.73,3980.22,2022-04-09,2022-04-11
604,85,FG2023PCOS,1,null,779.99,2023-08-25,2023-08-27
605,857,HB2023GET3,4,null,3199.96,2022-06-25,2022-06-27
606,883,FG2023PCOS,5,null,3899.95,2022-01-27,2022-01-29
607,38,FB2023BS6L,5,null,4499.95,2021-05-10,2021-05-12
608,948,FB2023BS6L,2,null,1799.98,2023-03-25,2023-03-27
609,35,FB2023BMSD8,3,null,2729.97,2023-10-29,2023-10-31
610,681,MTB2023SRH,5,null,2749.95,2022-01-21,2022-01-23
611,998,FB2023BS6L,5,null,4499.95,2023-10-01,2023-10-03
612,905,FB2023BS6L,3,null,2699.97,2020-11-26,2020-11-28
613,966,FG2023SBCCL,4,1.29,2998.67,2021-12-22,2021-12-24
614,394,FG2023QCXT,2,null,1999.98,2022-01-07,2022-01-09
615,344,FB2023BMSD8,1,null,909.99,2023-02-06,2023-02-08
616,227,FG2023SBCCL,1,null,749.99,2021-02-23,2021-02-25
617,173,FB2023BMSD8,3,null,2729.97,2023-04-23,2023-04-25
618,791,MTB2023SRH,5,null,2749.95,2022-04-08,2022-04-10
619,234,FB2023BS6L,4,44.19,3555.77,2021-10-07,2021-10-09
620,259,FB2023BS6L,2,null,1799.98,2022-05-11,2022-05-13
621,807,FB2023BS6L,3,null,2699.97,2021-02-05,2021-02-07
622,268,FB2023TM8D,2,47.71,1352.27,2021-08-17,2021-08-19
623,137,MTB2023SRH,2,4.11,1095.87,2022-05-02,2022-05-04
624,131,HB2023TSX5,4,null,3039.96,2022-02-19,2022-02-21
625,154,MTB2023GAP29,3,3.94,1886.03,2023-07-20,2023-07-22
626,36,HB2023TSX5,2,35.08,1484.9,2022-03-14,2022-03-16
627,868,HB2023TSX5,5,null,3799.95,2022-07-18,2022-07-20
628,852,MTB2023GAP29,5,18.37,3131.58,2023-10-17,2023-10-19
629,268,MTB2023SRH,3,null,1649.97,2023-10-28,2023-10-30
630,734,MTB2023GAP29,5,37.72,3112.23,2021-03-09,2021-03-11
631,503,HB2023GET3,2,15.45,1584.53,2021-10-22,2021-10-24
632,204,FB2023BS6L,2,null,1799.98,2021-11-06,2021-11-08
633,993,FB2023TM8D,1,7.04,692.95,2023-10-24,2023-10-26
634,10,EB2023RPBRR,4,null,2599.96,2023-02-17,2023-02-19
635,105,EB2023RPBRR,2,0.44,1299.54,2023-02-02,2023-02-04
636,972,FB2023TM8D,5,41.85,3458.1,2021-01-14,2021-01-16
637,390,MTB2023XCA9,1,0.19,599.8,2023-02-05,2023-02-07
638,61,EB2023STV,4,null,3399.96,2021-06-20,2021-06-22
639,779,EB2023RPBRR,2,14.07,1285.91,2021-06-14,2021-06-16
640,363,FB2023BS6L,1,29.24,870.75,2020-12-10,2020-12-12
641,69,FG2023QCXT,1,19.08,980.91,2023-05-20,2023-05-22
642,424,FG2023SBCCL,5,25.7,3724.25,2021-09-10,2021-09-12
643,73,FB2023TM8D,3,null,2099.97,2023-07-16,2023-07-18
644,336,HB2023GET3,2,40.34,1559.64,2020-11-05,2020-11-07
645,828,MTB2023GAP29,5,null,3149.95,2023-05-08,2023-05-10
646,606,FB2023BMSD8,2,23.48,1796.5,2023-09-13,2023-09-15
647,177,MTB2023GAP29,5,28.15,3121.8,2020-12-10,2020-12-12
648,495,MTB2023XCA9,3,25.63,1774.34,2021-05-25,2021-05-27
649,997,EB2023RPBRR,5,29.82,3220.13,2022-11-09,2022-11-11
650,218,FG2023QCXT,3,30.94,2969.03,2021-09-15,2021-09-17
651,765,EB2023STV,1,null,849.99,2023-02-17,2023-02-19
652,964,FB2023TM8D,4,null,2799.96,2022-06-24,2022-06-26
653,182,FB2023BS6L,1,null,899.99,2022-01-18,2022-01-20
654,113,EB2023RPBRR,3,22.73,1927.24,2021-01-20,2021-01-22
655,879,HB2023GET3,3,null,2399.97,2023-10-17,2023-10-19
656,803,FB2023TM8D,1,3.65,696.34,2023-03-29,2023-03-31
657,81,FG2023PCOS,4,null,3119.96,2023-05-10,2023-05-12
658,288,FG2023QCXT,2,null,1999.98,2022-10-09,2022-10-11
659,847,HB2023TSX5,4,null,3039.96,2021-02-14,2021-02-16
660,886,EB2023RPBRR,1,null,649.99,2020-10-18,2020-10-20
661,735,FG2023SBCCL,1,null,749.99,2022-05-06,2022-05-08
662,735,FG2023PCOS,2,null,1559.98,2022-06-06,2022-06-08
663,545,FG2023SBCCL,3,13.3,2236.67,2021-10-31,2021-11-02
664,946,HB2023GET3,3,4.39,2395.58,2022-02-14,2022-02-16
665,827,EB2023RPBRR,4,null,2599.96,2022-11-30,2022-12-02
666,877,FB2023BMSD8,2,39.5,1780.48,2022-10-01,2022-10-03
667,706,HB2023TSX5,1,19.35,740.64,2021-01-08,2021-01-10
668,153,HB2023GET3,2,5.49,1594.49,2022-01-13,2022-01-15
669,720,FB2023BMSD8,4,18.12,3621.84,2021-01-28,2021-01-30
670,713,EB2023RPBRR,1,null,649.99,2020-09-25,2020-09-27
671,574,MTB2023XCA9,1,14.99,585,2021-08-19,2021-08-21
672,42,FB2023BS6L,2,23.83,1776.15,2023-01-17,2023-01-19
673,232,FG2023PCOS,5,8.48,3891.47,2023-07-22,2023-07-24
674,271,FG2023PCOS,1,36.54,743.45,2023-03-02,2023-03-04
675,453,HB2023GET3,1,32.69,767.3,2023-10-12,2023-10-14
676,392,FG2023QCXT,1,43.38,956.61,2021-09-19,2021-09-21
677,771,HB2023TSX5,2,18.23,1501.75,2021-09-24,2021-09-26
678,823,EB2023RPBRR,4,1.38,2598.58,2020-11-14,2020-11-16
679,779,MTB2023SRH,2,null,1099.98,2022-07-16,2022-07-18
680,984,FG2023PCOS,2,null,1559.98,2020-11-19,2020-11-21
681,406,MTB2023SRH,5,null,2749.95,2021-03-24,2021-03-26
682,752,FG2023QCXT,4,17.69,3982.27,2022-01-01,2022-01-03
683,69,EB2023RPBRR,4,30.74,2569.22,2022-06-23,2022-06-25
684,17,EB2023RPBRR,2,40.65,1259.33,2021-08-19,2021-08-21
685,10,FG2023PCOS,3,null,2339.97,2022-10-29,2022-10-31
686,350,MTB2023GAP29,2,32.03,1227.95,2020-12-28,2020-12-30
687,603,EB2023RPBRR,1,6.06,643.93,2022-01-08,2022-01-10
688,822,EB2023STV,5,null,4249.95,2023-02-27,2023-03-01
689,886,EB2023STV,4,null,3399.96,2022-02-13,2022-02-15
690,330,FG2023SBCCL,4,null,2999.96,2023-05-21,2023-05-23
691,784,FG2023SBCCL,4,null,2999.96,2022-03-19,2022-03-21
692,147,HB2023TSX5,3,null,2279.97,2021-07-23,2021-07-25
693,626,FG2023SBCCL,2,null,1499.98,2023-04-25,2023-04-27
694,646,FB2023BMSD8,5,48.04,4501.91,2023-04-13,2023-04-15
695,33,FB2023BS6L,3,31.13,2668.84,2022-11-28,2022-11-30
696,605,FG2023QCXT,2,null,1999.98,2023-03-10,2023-03-12
697,643,EB2023STV,2,null,1699.98,2023-03-16,2023-03-18
698,708,FG2023QCXT,4,null,3999.96,2020-12-10,2020-12-12
699,706,HB2023TSX5,5,null,3799.95,2022-05-04,2022-05-06
700,545,HB2023GET3,3,null,2399.97,2023-01-27,2023-01-29
701,80,EB2023STV,3,null,2549.97,2020-12-24,2020-12-26
702,338,EB2023RPBRR,4,null,2599.96,2020-12-18,2020-12-20
703,614,FG2023PCOS,4,null,3119.96,2023-03-11,2023-03-13
704,861,FG2023PCOS,2,44.01,1515.97,2023-11-21,2023-11-23
705,367,FG2023SBCCL,5,2.77,3747.18,2022-12-01,2022-12-03
706,889,HB2023TSX5,4,null,3039.96,2023-01-28,2023-01-30
707,996,HB2023GET3,5,null,3999.95,2021-10-01,2021-10-03
708,44,FG2023QCXT,5,13.58,4986.37,2023-10-06,2023-10-08
709,112,EB2023RPBRR,1,null,649.99,2021-07-28,2021-07-30
710,643,FB2023TM8D,3,31.49,2068.48,2022-06-14,2022-06-16
711,363,FG2023SBCCL,5,3.72,3746.23,2023-01-10,2023-01-12
712,636,FG2023PCOS,4,12.11,3107.85,2021-10-06,2021-10-08
713,408,HB2023GET3,5,null,3999.95,2023-03-06,2023-03-08
714,634,HB2023TSX5,5,30.58,3769.37,2021-09-14,2021-09-16
715,271,HB2023GET3,3,43.72,2356.25,2021-10-03,2021-10-05
716,203,FG2023PCOS,2,12.47,1547.51,2022-04-09,2022-04-11
717,904,FG2023SBCCL,2,null,1499.98,2021-05-19,2021-05-21
718,282,MTB2023SRH,4,19.48,2180.48,2022-02-23,2022-02-25
719,393,FG2023QCXT,1,null,999.99,2023-10-21,2023-10-23
720,792,HB2023GET3,5,null,3999.95,2023-07-28,2023-07-30
721,636,FG2023PCOS,5,null,3899.95,2023-01-19,2023-01-21
722,911,HB2023GET3,3,19.34,2380.63,2020-12-31,2021-01-02
723,934,FB2023TM8D,2,null,1399.98,2023-05-08,2023-05-10
724,734,MTB2023GAP29,4,8.69,2511.27,2021-12-08,2021-12-10
725,96,FB2023BS6L,2,40.85,1759.13,2022-08-29,2022-08-31
726,186,MTB2023XCA9,5,42.65,2957.3,2021-06-13,2021-06-15
727,570,FB2023TM8D,3,null,2099.97,2022-06-06,2022-06-08
728,363,MTB2023XCA9,2,42.3,1157.68,2022-07-06,2022-07-08
729,952,MTB2023SRH,4,null,2199.96,2022-12-31,2023-01-02
730,751,FB2023BMSD8,5,14.69,4535.26,2021-06-18,2021-06-20
731,111,FB2023BS6L,3,32.25,2667.72,2021-01-18,2021-01-20
732,717,MTB2023GAP29,3,7.97,1882,2023-10-31,2023-11-02
733,466,HB2023TSX5,1,30.18,729.81,2023-08-03,2023-08-05
734,689,HB2023TSX5,3,null,2279.97,2021-01-24,2021-01-26
735,580,HB2023GET3,1,1.13,798.86,2021-12-13,2021-12-15
736,698,HB2023TSX5,5,9.1,3790.85,2023-03-06,2023-03-08
737,806,FB2023BS6L,4,null,3599.96,2023-11-07,2023-11-09
738,434,FG2023SBCCL,1,null,749.99,2021-09-28,2021-09-30
739,135,FG2023SBCCL,4,25.98,2973.98,2022-04-26,2022-04-28
740,851,EB2023STV,4,null,3399.96,2023-05-12,2023-05-14
741,879,MTB2023XCA9,3,null,1799.97,2023-05-18,2023-05-20
742,32,MTB2023XCA9,4,null,2399.96,2023-03-09,2023-03-11
743,240,EB2023RPBRR,3,null,1949.97,2022-08-15,2022-08-17
744,452,FG2023PCOS,5,23.13,3876.82,2023-01-08,2023-01-10
745,609,MTB2023XCA9,3,17.89,1782.08,2020-12-20,2020-12-22
746,254,FB2023TM8D,2,10.22,1389.76,2021-10-25,2021-10-27
747,279,MTB2023XCA9,1,null,599.99,2022-09-22,2022-09-24
748,408,FG2023SBCCL,4,null,2999.96,2022-07-17,2022-07-19
749,962,EB2023RPBRR,5,null,3249.95,2023-10-02,2023-10-04
750,268,FG2023QCXT,3,null,2999.97,2022-03-26,2022-03-28
751,201,FB2023TM8D,5,42.53,3457.42,2023-10-09,2023-10-11
752,642,EB2023STV,4,null,3399.96,2021-04-29,2021-05-01
753,997,MTB2023XCA9,2,9.74,1190.24,2021-09-21,2021-09-23
754,660,FG2023SBCCL,5,null,3749.95,2022-11-29,2022-12-01
755,510,FB2023BS6L,3,20.36,2679.61,2023-04-30,2023-05-02
756,245,MTB2023SRH,1,null,549.99,2022-08-17,2022-08-19
757,560,FG2023PCOS,5,2.62,3897.33,2021-12-24,2021-12-26
758,55,FG2023QCXT,5,37.41,4962.54,2022-08-15,2022-08-17
759,581,MTB2023GAP29,5,null,3149.95,2021-02-02,2021-02-04
760,127,EB2023STV,5,null,4249.95,2022-02-23,2022-02-25
761,765,FB2023BMSD8,3,28.55,2701.42,2023-07-25,2023-07-27
762,419,MTB2023GAP29,3,29.53,1860.44,2022-05-23,2022-05-25
763,383,EB2023RPBRR,5,null,3249.95,2021-02-25,2021-02-27
764,793,EB2023STV,3,46.51,2503.46,2022-07-22,2022-07-24
765,4,HB2023TSX5,3,21.18,2258.79,2023-04-29,2023-05-01
766,795,EB2023STV,2,null,1699.98,2021-11-22,2021-11-24
767,253,MTB2023SRH,5,24.07,2725.88,2021-05-23,2021-05-25
768,165,EB2023RPBRR,2,38.63,1261.35,2021-09-06,2021-09-08
769,567,MTB2023GAP29,3,null,1889.97,2022-01-17,2022-01-19
770,526,FG2023PCOS,3,34.89,2305.08,2022-06-12,2022-06-14
771,709,FB2023TM8D,2,null,1399.98,2021-05-16,2021-05-18
772,559,MTB2023XCA9,4,null,2399.96,2022-11-06,2022-11-08
773,438,HB2023TSX5,2,47.87,1472.11,2022-01-10,2022-01-12
774,488,FB2023TM8D,3,18.95,2081.02,2023-08-31,2023-09-02
775,236,EB2023STV,4,null,3399.96,2021-07-15,2021-07-17
776,15,MTB2023GAP29,1,42.33,587.66,2020-10-22,2020-10-24
777,849,MTB2023GAP29,4,10.94,2509.02,2021-08-30,2021-09-01
778,848,FG2023QCXT,5,null,4999.95,2020-09-25,2020-09-27
779,955,FG2023PCOS,1,12.42,767.57,2022-03-23,2022-03-25
780,74,MTB2023XCA9,5,null,2999.95,2022-07-17,2022-07-19
781,783,FB2023TM8D,4,null,2799.96,2022-01-27,2022-01-29
782,493,HB2023GET3,5,15.16,3984.79,2023-08-22,2023-08-24
783,311,MTB2023SRH,4,null,2199.96,2021-02-18,2021-02-20
784,47,FB2023BS6L,2,0.4,1799.58,2023-01-20,2023-01-22
785,119,MTB2023XCA9,1,39.58,560.41,2021-10-21,2021-10-23
786,185,FG2023PCOS,5,19.87,3880.08,2021-05-27,2021-05-29
787,884,MTB2023XCA9,4,null,2399.96,2021-03-15,2021-03-17
788,662,MTB2023XCA9,3,null,1799.97,2020-09-23,2020-09-25
789,787,FG2023QCXT,2,null,1999.98,2022-04-02,2022-04-04
790,905,FB2023BS6L,5,0.25,4499.7,2022-02-27,2022-03-01
791,984,EB2023RPBRR,2,33.69,1266.29,2023-09-26,2023-09-28
792,23,MTB2023SRH,2,null,1099.98,2021-07-30,2021-08-01
793,905,HB2023TSX5,2,11.88,1508.1,2021-06-19,2021-06-21
794,100,FG2023SBCCL,3,15.57,2234.4,2021-10-04,2021-10-06
795,178,EB2023STV,1,null,849.99,2021-04-15,2021-04-17
796,46,MTB2023SRH,5,null,2749.95,2023-08-30,2023-09-01
797,61,FB2023TM8D,5,46.14,3453.81,2021-09-15,2021-09-17
798,522,MTB2023GAP29,5,null,3149.95,2023-10-16,2023-10-18
799,904,MTB2023GAP29,2,null,1259.98,2023-07-25,2023-07-27
800,499,HB2023GET3,3,null,2399.97,2021-08-11,2021-08-13
801,957,FB2023BS6L,3,null,2699.97,2023-04-15,2023-04-17
802,323,MTB2023SRH,2,10.04,1089.94,2022-08-17,2022-08-19
803,923,EB2023RPBRR,4,1.31,2598.65,2023-01-15,2023-01-17
804,238,FG2023QCXT,4,3.26,3996.7,2023-06-20,2023-06-22
805,629,MTB2023SRH,1,16.54,533.45,2020-11-11,2020-11-13
806,774,MTB2023GAP29,3,null,1889.97,2023-10-18,2023-10-20
807,260,EB2023RPBRR,3,26.1,1923.87,2022-10-11,2022-10-13
808,587,MTB2023GAP29,3,33.24,1856.73,2023-09-07,2023-09-09
809,109,FB2023BMSD8,4,null,3639.96,2022-07-03,2022-07-05
810,470,MTB2023XCA9,5,null,2999.95,2022-04-27,2022-04-29
811,113,HB2023TSX5,3,null,2279.97,2022-03-01,2022-03-03
812,71,FG2023QCXT,1,null,999.99,2021-05-24,2021-05-26
813,788,MTB2023SRH,5,null,2749.95,2022-03-04,2022-03-06
814,82,HB2023TSX5,5,null,3799.95,2021-12-04,2021-12-06
815,561,MTB2023GAP29,5,null,3149.95,2022-06-30,2022-07-02
816,551,FG2023QCXT,5,null,4999.95,2022-10-14,2022-10-16
817,744,HB2023GET3,5,null,3999.95,2023-02-08,2023-02-10
818,638,FB2023BS6L,5,39.28,4460.67,2022-03-31,2022-04-02
819,861,FB2023BS6L,2,null,1799.98,2021-10-27,2021-10-29
820,318,FG2023PCOS,2,null,1559.98,2022-05-09,2022-05-11
821,982,MTB2023XCA9,4,null,2399.96,2022-01-04,2022-01-06
822,728,MTB2023SRH,3,46.71,1603.26,2023-05-30,2023-06-01
823,663,MTB2023SRH,3,42.2,1607.77,2021-03-28,2021-03-30
824,420,EB2023STV,1,null,849.99,2023-11-04,2023-11-06
825,367,EB2023RPBRR,1,13.89,636.1,2022-11-10,2022-11-12
826,675,HB2023TSX5,4,15.88,3024.08,2021-06-21,2021-06-23
827,434,MTB2023XCA9,3,null,1799.97,2023-09-12,2023-09-14
828,577,MTB2023GAP29,2,31.14,1228.84,2020-09-03,2020-09-05
829,757,MTB2023SRH,2,null,1099.98,2021-12-09,2021-12-11
830,475,MTB2023XCA9,5,null,2999.95,2020-12-27,2020-12-29
831,915,FG2023SBCCL,4,41.07,2958.89,2023-10-26,2023-10-28
832,220,EB2023STV,4,null,3399.96,2022-05-05,2022-05-07
833,502,FG2023PCOS,3,null,2339.97,2021-12-08,2021-12-10
834,445,FG2023PCOS,4,null,3119.96,2021-08-24,2021-08-26
835,698,EB2023STV,1,40.86,809.13,2023-07-30,2023-08-01
836,661,FB2023TM8D,4,null,2799.96,2021-02-11,2021-02-13
837,614,HB2023GET3,5,45.08,3954.87,2021-07-21,2021-07-23
838,15,EB2023RPBRR,3,null,1949.97,2020-10-11,2020-10-13
839,885,HB2023GET3,3,null,2399.97,2021-07-30,2021-08-01
840,689,FB2023TM8D,2,null,1399.98,2021-03-05,2021-03-07
841,208,FB2023TM8D,3,32.23,2067.74,2023-01-15,2023-01-17
842,843,MTB2023SRH,4,null,2199.96,2020-11-04,2020-11-06
843,927,FB2023BMSD8,4,20.3,3619.66,2022-08-15,2022-08-17
844,571,MTB2023SRH,2,null,1099.98,2022-08-12,2022-08-14
845,830,HB2023GET3,4,19.35,3180.61,2023-10-01,2023-10-03
846,168,EB2023STV,2,null,1699.98,2021-05-29,2021-05-31
847,444,MTB2023SRH,2,45.3,1054.68,2020-11-09,2020-11-11
848,806,FB2023BS6L,1,14.9,885.09,2021-05-04,2021-05-06
849,631,EB2023RPBRR,5,10.77,3239.18,2023-07-07,2023-07-09
850,48,FB2023BMSD8,2,0.81,1819.17,2022-04-20,2022-04-22
851,835,FG2023QCXT,5,null,4999.95,2021-08-06,2021-08-08
852,982,FG2023PCOS,3,2.51,2337.46,2023-07-25,2023-07-27
853,942,EB2023RPBRR,4,null,2599.96,2021-10-26,2021-10-28
854,910,FB2023BMSD8,2,null,1819.98,2022-02-20,2022-02-22
855,518,MTB2023XCA9,3,15.88,1784.09,2020-12-26,2020-12-28
856,153,FB2023BMSD8,5,45.03,4504.92,2021-09-26,2021-09-28
857,101,FB2023TM8D,3,3.97,2096,2022-12-02,2022-12-04
858,25,MTB2023GAP29,1,42.35,587.64,2021-04-13,2021-04-15
859,926,EB2023RPBRR,5,null,3249.95,2022-12-26,2022-12-28
860,434,FG2023QCXT,3,null,2999.97,2021-07-25,2021-07-27
861,241,EB2023STV,4,37.91,3362.05,2022-07-04,2022-07-06
862,117,FB2023BMSD8,5,12.59,4537.36,2022-10-08,2022-10-10
863,999,MTB2023XCA9,4,41.96,2358,2022-11-13,2022-11-15
864,172,EB2023RPBRR,5,null,3249.95,2022-09-28,2022-09-30
865,118,FG2023QCXT,4,null,3999.96,2022-12-05,2022-12-07
866,183,HB2023GET3,4,null,3199.96,2021-08-10,2021-08-12
867,610,FG2023SBCCL,3,48.34,2201.63,2022-03-05,2022-03-07
868,377,MTB2023XCA9,2,21.35,1178.63,2021-06-04,2021-06-06
869,106,MTB2023SRH,4,null,2199.96,2022-05-11,2022-05-13
870,217,FG2023QCXT,2,null,1999.98,2021-04-13,2021-04-15
871,430,HB2023GET3,4,null,3199.96,2023-07-21,2023-07-23
872,351,MTB2023GAP29,1,4.78,625.21,2021-04-09,2021-04-11
873,175,EB2023RPBRR,4,30.73,2569.23,2021-12-28,2021-12-30
874,887,FG2023QCXT,3,null,2999.97,2022-08-20,2022-08-22
875,48,MTB2023SRH,3,43.96,1606.01,2022-04-16,2022-04-18
876,233,EB2023RPBRR,3,35.88,1914.09,2021-12-09,2021-12-11
877,209,FG2023QCXT,3,null,2999.97,2022-10-12,2022-10-14
878,167,HB2023TSX5,2,21.53,1498.45,2023-03-07,2023-03-09
879,592,FG2023PCOS,3,45.12,2294.85,2021-11-09,2021-11-11
880,905,FG2023SBCCL,1,null,749.99,2020-09-27,2020-09-29
881,539,FB2023BMSD8,5,null,4549.95,2022-10-24,2022-10-26
882,560,MTB2023XCA9,3,38.65,1761.32,2020-12-18,2020-12-20
883,8,MTB2023GAP29,5,47.13,3102.82,2022-10-12,2022-10-14
884,228,FG2023PCOS,3,null,2339.97,2023-03-09,2023-03-11
885,325,MTB2023SRH,3,null,1649.97,2021-12-25,2021-12-27
886,722,EB2023RPBRR,3,23.7,1926.27,2023-02-18,2023-02-20
887,631,MTB2023SRH,2,16.2,1083.78,2020-12-19,2020-12-21
888,755,MTB2023SRH,3,null,1649.97,2023-10-13,2023-10-15
889,430,MTB2023XCA9,1,null,599.99,2023-10-03,2023-10-05
890,382,FB2023BS6L,1,null,899.99,2023-04-17,2023-04-19
891,670,MTB2023SRH,3,49.27,1600.7,2021-05-27,2021-05-29
892,260,FG2023PCOS,4,2.09,3117.87,2021-05-03,2021-05-05
893,394,MTB2023SRH,5,26.73,2723.22,2021-08-26,2021-08-28
894,811,HB2023GET3,2,null,1599.98,2023-08-22,2023-08-24
895,89,MTB2023SRH,5,null,2749.95,2021-09-05,2021-09-07
896,655,MTB2023SRH,5,null,2749.95,2021-06-04,2021-06-06
897,136,EB2023RPBRR,2,null,1299.98,2022-12-31,2023-01-02
898,210,HB2023TSX5,5,null,3799.95,2023-09-12,2023-09-14
899,207,HB2023TSX5,4,null,3039.96,2022-02-25,2022-02-27
900,125,HB2023TSX5,5,32,3767.95,2020-11-19,2020-11-21
901,778,FB2023BMSD8,5,null,4549.95,2023-01-01,2023-01-03
902,880,MTB2023SRH,4,null,2199.96,2022-06-09,2022-06-11
903,751,MTB2023SRH,4,4.91,2195.05,2023-04-20,2023-04-22
904,904,EB2023STV,4,null,3399.96,2022-02-27,2022-03-01
905,117,FB2023TM8D,1,14,685.99,2022-08-04,2022-08-06
906,901,HB2023GET3,2,22.5,1577.48,2021-01-14,2021-01-16
907,8,EB2023RPBRR,3,null,1949.97,2022-06-30,2022-07-02
908,767,MTB2023XCA9,4,45.79,2354.17,2021-01-06,2021-01-08
909,579,HB2023GET3,2,null,1599.98,2020-11-09,2020-11-11
910,151,EB2023STV,1,null,849.99,2023-05-29,2023-05-31
911,413,MTB2023XCA9,1,null,599.99,2022-08-19,2022-08-21
912,636,MTB2023SRH,3,35.63,1614.34,2020-09-10,2020-09-12
913,764,MTB2023XCA9,1,22.91,577.08,2022-09-30,2022-10-02
914,340,FB2023BS6L,5,13.59,4486.36,2022-08-15,2022-08-17
915,578,FG2023QCXT,2,null,1999.98,2020-10-16,2020-10-18
916,590,HB2023GET3,4,13.6,3186.36,2023-02-01,2023-02-03
917,365,MTB2023GAP29,4,null,2519.96,2023-06-21,2023-06-23
918,647,FB2023TM8D,1,49.14,650.85,2022-03-02,2022-03-04
919,208,MTB2023XCA9,1,null,599.99,2023-10-11,2023-10-13
920,243,FG2023SBCCL,4,null,2999.96,2023-06-24,2023-06-26
921,289,FG2023QCXT,5,25.71,4974.24,2020-12-15,2020-12-17
922,128,HB2023TSX5,3,null,2279.97,2023-01-08,2023-01-10
923,92,FB2023BS6L,3,null,2699.97,2021-08-23,2021-08-25
924,395,FG2023QCXT,4,25.9,3974.06,2020-09-22,2020-09-24
925,167,MTB2023GAP29,2,null,1259.98,2023-08-14,2023-08-16
926,348,FG2023SBCCL,1,42.38,707.61,2021-04-16,2021-04-18
927,579,MTB2023SRH,1,45.33,504.66,2020-09-22,2020-09-24
928,3,FB2023TM8D,1,30.3,669.69,2021-08-01,2021-08-03
929,900,FG2023PCOS,3,null,2339.97,2021-10-16,2021-10-18
930,460,FB2023BMSD8,3,null,2729.97,2021-09-16,2021-09-18
931,432,FG2023PCOS,1,null,779.99,2022-10-28,2022-10-30
932,540,FB2023TM8D,5,17.73,3482.22,2023-05-20,2023-05-22
933,432,MTB2023XCA9,5,null,2999.95,2021-08-16,2021-08-18
934,286,EB2023RPBRR,2,null,1299.98,2021-12-11,2021-12-13
935,888,MTB2023GAP29,2,null,1259.98,2021-06-27,2021-06-29
936,759,HB2023TSX5,5,12.11,3787.84,2021-10-18,2021-10-20
937,860,FG2023PCOS,2,null,1559.98,2021-04-29,2021-05-01
938,277,EB2023RPBRR,2,null,1299.98,2023-01-08,2023-01-10
939,637,EB2023STV,4,43.75,3356.21,2021-08-16,2021-08-18
940,708,EB2023RPBRR,5,33.98,3215.97,2022-07-04,2022-07-06
941,777,FG2023SBCCL,5,1.76,3748.19,2021-08-21,2021-08-23
942,432,FG2023SBCCL,1,45.66,704.33,2022-07-12,2022-07-14
943,324,FB2023BMSD8,5,37.88,4512.07,2022-06-14,2022-06-16
944,816,EB2023RPBRR,5,36.91,3213.04,2021-07-01,2021-07-03
945,55,HB2023GET3,4,null,3199.96,2022-10-12,2022-10-14
946,716,FG2023PCOS,5,27.38,3872.57,2021-09-03,2021-09-05
947,961,FB2023TM8D,1,40.93,659.06,2022-11-29,2022-12-01
948,991,EB2023STV,3,null,2549.97,2022-02-25,2022-02-27
949,400,EB2023STV,5,17.07,4232.88,2022-12-18,2022-12-20
950,384,HB2023GET3,4,19.4,3180.56,2022-05-06,2022-05-08
951,108,FB2023BMSD8,3,36.81,2693.16,2023-08-09,2023-08-11
952,301,FG2023PCOS,5,46.59,3853.36,2021-09-20,2021-09-22
953,980,FG2023PCOS,5,37.5,3862.45,2022-12-19,2022-12-21
954,629,EB2023RPBRR,1,0.94,649.05,2022-11-21,2022-11-23
955,748,FB2023BMSD8,4,null,3639.96,2023-08-30,2023-09-01
956,360,MTB2023XCA9,3,8.3,1791.67,2023-04-04,2023-04-06
957,967,MTB2023SRH,4,null,2199.96,2021-04-10,2021-04-12
958,414,FB2023BS6L,5,null,4499.95,2022-08-24,2022-08-26
959,145,EB2023RPBRR,3,27.92,1922.05,2023-08-04,2023-08-06
960,783,HB2023GET3,4,47.21,3152.75,2022-07-24,2022-07-26
961,293,FB2023TM8D,2,null,1399.98,2021-11-08,2021-11-10
962,989,FG2023PCOS,2,30.41,1529.57,2022-06-25,2022-06-27
963,247,HB2023GET3,5,null,3999.95,2022-03-13,2022-03-15
964,197,FG2023SBCCL,2,null,1499.98,2022-09-17,2022-09-19
965,585,FG2023SBCCL,2,null,1499.98,2022-12-26,2022-12-28
966,106,FB2023BS6L,5,null,4499.95,2022-01-13,2022-01-15
967,336,FG2023SBCCL,4,27.71,2972.25,2021-08-19,2021-08-21
968,480,EB2023STV,2,null,1699.98,2021-03-16,2021-03-18
969,790,FB2023BS6L,3,48.2,2651.77,2021-06-21,2021-06-23
970,197,MTB2023GAP29,4,33.95,2486.01,2022-01-05,2022-01-07
971,202,FB2023BS6L,3,31.35,2668.62,2023-09-06,2023-09-08
972,272,MTB2023SRH,2,null,1099.98,2021-01-17,2021-01-19
973,985,MTB2023GAP29,1,null,629.99,2023-02-13,2023-02-15
974,686,FB2023TM8D,4,44.98,2754.98,2023-07-27,2023-07-29
975,368,MTB2023SRH,3,null,1649.97,2021-12-02,2021-12-04
976,162,FG2023PCOS,1,null,779.99,2022-03-25,2022-03-27
977,689,MTB2023GAP29,1,0.05,629.94,2022-09-13,2022-09-15
978,899,MTB2023SRH,3,null,1649.97,2022-09-23,2022-09-25
979,976,MTB2023XCA9,3,null,1799.97,2023-10-19,2023-10-21
980,186,MTB2023XCA9,5,26.08,2973.87,2022-09-01,2022-09-03
981,956,MTB2023XCA9,5,17.6,2982.35,2023-02-12,2023-02-14
982,611,FG2023PCOS,1,null,779.99,2022-11-29,2022-12-01
983,115,EB2023RPBRR,3,40.9,1909.07,2022-03-09,2022-03-11
984,186,MTB2023XCA9,3,36.95,1763.02,2021-09-23,2021-09-25
985,684,MTB2023SRH,2,6.17,1093.81,2021-02-23,2021-02-25
986,560,MTB2023XCA9,4,13.32,2386.64,2023-06-16,2023-06-18
987,244,HB2023GET3,2,27.44,1572.54,2021-08-22,2021-08-24
988,929,FG2023SBCCL,2,11.19,1488.79,2022-08-06,2022-08-08
989,787,MTB2023SRH,1,49.1,500.89,2020-12-14,2020-12-16
990,165,HB2023TSX5,5,null,3799.95,2022-01-22,2022-01-24
991,81,MTB2023SRH,5,23.83,2726.12,2022-07-30,2022-08-01
992,616,MTB2023SRH,5,13.89,2736.06,2023-11-05,2023-11-07
993,356,HB2023GET3,4,22.43,3177.53,2021-06-02,2021-06-04
994,798,EB2023STV,3,null,2549.97,2023-07-29,2023-07-31
995,9,HB2023TSX5,1,44.46,715.53,2021-05-27,2021-05-29
996,853,EB2023STV,5,null,4249.95,2021-06-25,2021-06-27
997,698,FG2023PCOS,1,16.74,763.25,2022-07-21,2022-07-23
998,726,FB2023BS6L,2,null,1799.98,2022-04-22,2022-04-24
999,449,MTB2023XCA9,5,null,2999.95,2022-08-04,2022-08-06
1000,447,MTB2023XCA9,4,null,2399.96,2023-07-23,2023-07-25